9b0e8924-d1cd-4add-a1ef-b3c6c8c8358d/Password@1,MAIndividualCOSMOS_ProfilePref,,,
e6f85715-e869-421f-af17-bdf673a15fc7/Password@1,MAPDNICE_ProfilePref,,,
a7773c30-83b6-4d0d-bfb0-8e33c504d5fa/Password@1,MANICE_ProfilePref,,,
2b2b45df-6d08-4f6d-b204-ac8fb20cc0cd/Password@1,MAPDCOSMOS_ProfilePref,,,
8fdb862a-8fa4-427f-80cc-436cb2b64bc0/Password@1,AARPPDP_ProfilePref,,,
68b98d03-0218-4b25-ac81-70ab0385c9df/Password@1,ACTIVEPCP_ProfilePref,,,
ca09d886-c6f7-4769-9695-a3fb9a04219c/Password@1,ACTIVEMedica_ProfilePref,,,
fce3a5ba-5795-4c24-8958-3cb9431a32ac/Password@1,GROUPMA_ProfilePref,,,
9bd4cf70-3875-486a-81a6-192959a2dc15/Password@1,GROUPMAPD_ProfilePref,,,
261384e7-8b24-4ecb-831b-034d0310536e/Password@1,GROUPDP_ProfilePref,,,
76a08c9d-b0e5-476c-958d-75ec5ce2a6f9/Password@1,GROUPSSUP_ProfilePref,,,
22ade376-f352-4f21-95a6-2ada40cd2956/Password@1,GROUPDPSSUP_ProfilePref,,,
65336230-08cb-43bf-9254-289d5986d2e1/Password@1,PREACTIVEGRP_ProfilePref,,,
b8a5eb87-4d88-4862-9489-1a55a7648933/Password@1,ACTIVEGOVTSHIPCOMBO_ProfilePref,,,
86e9c43d-c74b-43c0-bc95-f9306770e0b8/Password@1,MULTIGOVPRETERM_ProfilePref,,,
f7fe3054-1d9f-429e-9bdc-6a20ccae0ebc/Password@1,ACTIVEPRESHIP_ProfilePref,,,
3066ebad-a907-4610-9a74-55d8862b3e7e/Password@1,ACTIVESHIP_ProfilePref,,,
6a150cb7-23ef-40f4-9fd4-9ec3256d9e72/Password@1,PRESHIP_ProfilePref,,,
126720eb-9089-4096-a4bc-8f8b7a3c9de4/Password@1,ACTIVETERMFEDSHIPCOMBO_ProfilePref,,,
00b3c2eb-4430-4574-866c-6c2dd8fd038e/Password@1,MICROMULTIFEDSHIP_ProfilePref,,,
fd27bcad-44f0-4f96-aef4-35b84feb75ec/Password@1,MULTIFEDACTIVE_ProfilePref,,,
c46fe3ec-5f6e-4fcd-bbf9-c4cbd075c829/Password@1,FEDSHIPPREEFFECTIVE_ProfilePref,,,
c68d319d-8c09-4d58-b200-254834d5f4f6/Password@1,MAPREFFECTIVE_ProfilePref,,,
2f866bbf-a2b8-42cd-8228-fb9250a33f94/Password@1,MAPDPREFFECTIVE_ProfilePref,,,
d9d5b5c3-9e0f-458b-ba2a-c782dab5febd/Password@1,PDPPREFFECTIVE_ProfilePref,,,
a67e1596-5686-44c6-b447-7b73982f7046/Password@1,GRPMAPREFFECTIVE_ProfilePref,,,
2866ea3e-8d97-44f0-8838-989ee3b63c33/Password@1,GRPMAPDPREFFECTIVE_ProfilePref,,,
d23394f0-975d-48d7-81ee-f4c97dbb5e05/Password@1,SSUPPREFFECTIVE_ProfilePref,,,
f9314008-edcb-4b40-b4a5-8ad28d769115/Password@1,GRPPDPPREFFECTIVE_ProfilePref,,,
01eee233-f2a3-42e0-b530-e3a51adfc106/Password@1,GRPDPSSUP_ProfilePref,,,
d72d8757-e9d6-4d86-b7fc-6d45d671dd2e/Password@1,PCP,Individual,NON LIS,
83369361-b042-42df-97d0-805556320a29/Password@1,Medica,Individual,NON LIS,
fce3a5ba-5795-4c24-8958-3cb9431a32ac/Password@1,MAGroup,Group,NON LIS,
39994871-30c5-47f9-b3c7-5e3d777bdfb8/Password@1,MAPDGroup,Group,NON LIS,
c3609b0b-47c0-410b-80bc-ff064f03d174/Password@1,MAPD,Individual,NON LIS,
330b89c0-e129-48c5-8b93-5631d96616eb/Password@1,MA,Individual,NON LIS,
352bb9eb-e1c9-4aa7-a847-37105dca559b/Password@1,PDP,Individual,NON LIS,
04fc1b17-9515-465f-9000-1cde7ff91f9a/Password@1,PDPGroup,Group,NON LIS,
5839499a-d63f-49cd-acb0-600cd5084393/Password@1,SHIP,ShipOnly,NON LIS,
a0f3dbf4-f0fb-410e-9a90-2a07b48beeba/Password@1,COMBO,FedShip,NON LIS,
9cf8c39a-9163-4ef3-b205-ad13de502e4f/Password@1,SSUPGroup,Group,NON LIS,
c68d319d-8c09-4d58-b200-254834d5f4f6/Password@1,MAPre-effective,Individual,NON LIS,
ec652314-7f6e-43e8-a541-e7db8d0bcd75/Password@1,GovtTermless,Individual,NON LIS,
352bb9eb-e1c9-4aa7-a847-37105dca559b/Password@1,PDP,Individual,NON LIS_ProfilePref,
04fc1b17-9515-465f-9000-1cde7ff91f9a/Password@1,GrpPDP,PDP_Group,NON LIS_ProfilePref,
330b89c0-e129-48c5-8b93-5631d96616eb/Password@1,MA,MA_UHCIndividual,NON LIS_ProfilePref,
d72d8757-e9d6-4d86-b7fc-6d45d671dd2e/Password@1,MA,PCP,NON LIS_ProfilePref,
b67e8402-716c-4dec-8770-2565ef409c18/Password@1,MA,MA_UHCGroup,NON LIS_ProfilePref,
53da942b-ace7-4e3b-8f19-6fc5ee6dabc2/Password@1,MAPD,MAPD_Group,NON LIS_ProfilePref,
c3609b0b-47c0-410b-80bc-ff064f03d174/Password@1,MAPD,MAPD_Individual,NON LIS_ProfilePref,
fb15468c-87c5-4312-aaff-ed4048b12872/Password@1,UhcIndMAPDPayments,,,
ff445365-71de-4d5a-9347-fe4f2f91ce54/Password@1,UhcMapdInd,,,
40ca32bf-3d5d-41e3-bea2-d46eaf55169d/Password@1,MAPD,UHCIndividualEOB,Prescription Drug,
f5f1d2d7-3a87-490c-a40a-867fd05cf961/Password@1,AARPMapdNonEPMP,,,
40ca32bf-3d5d-41e3-bea2-d46eaf55169d/Password@1,MAPD,UHCIndividualCosmosEOB,Medical,
7ee11657-cf51-404c-91c5-08aea30802dc/Password@1,Medsupp,Ship,ShipEOB,
fbf63a23-da14-4ca4-a3c1-4c07327c9844/Password@1,MAPD,AARPIndividualNiceEOB,Medical,
ea1db7e1-87cf-43d2-8e58-ca9dd9390c8e/Password@1,PDP,IndAARPPharmacyFnR,,
d2fb47a5-62ff-4fcd-884d-e00ca2cbce60/Password@1,MAPD,IndAARPPharmacyFnR,,
146afc9b-8d52-4ec4-a3a2-e209144381ee/Password@1,MAPD,GroupPharmacyFnR,,
061b7c5a-4d66-4f32-bddb-5fc7ef650fb2/Password@1,MAPD,MedicaPharmacyFnR,,
cc916b07-2562-4638-b1c0-a96fc112cb47/Password@1,AARPMapdIndEPMP,,,
374c88f3-78b7-4fad-921a-c66b4f18a3de/Password@1,MAPD,IndividualUHCPayments,,
b4a105a1-4f78-423e-b1f3-12a0e495c6da/Password@1,MAPD,IndividualAARPRPayments,,
5a6477cf-da77-4df3-9319-f1b7357af748/Password@1,COMBO,COMBOAARPPayments,,
111e6734-2de2-4bfb-8a13-8452b1d8fccd/Password@1,SHIP,IndividualAARPSPayments,,
40ca32bf-3d5d-41e3-bea2-d46eaf55169d/Password@1,MAPD,Individual,IndEffectiveUHC,NoRider
4d153472-6818-4599-80f7-680577dcb2b0/Password@1,MAPD,Individual,IndEffectiveUHC,Rider
0538a9b2-aee1-4784-9dbe-1aba28c2dca1/Password@1,MA,Individual,IndEffectiveAARP,Rider
6b2fb810-6cdc-44d9-aef1-5ee094bc2d34/Password@1,MA,Individual,IndEffectiveAARP,NoRider
d90771dd-02b7-459b-9c48-580bfafcd8df/Password@1,PCP,Individual,IndEffectivePCP,NoRider
83369361-b042-42df-97d0-805556320a29/Password@1,MEDICA,Individual,IndEffectiveMedica,NoRider
111e6734-2de2-4bfb-8a13-8452b1d8fccd/Password@1,MedSupp,Individual,EffectiveShipMedSupp,NoRider
24476b07-62d0-45d8-bf1d-ea6f42e87147/Password@1,PDP,Individual,EffectivePDPAARP,NoRider
b7724e62-322d-4684-92c4-82076654b2c1/Password@1,PDP,Individual,EffectivePDPUHC,NoRider
6cb91485-3ba8-4d07-9666-cce6f90d9133/Password@1,MAPD,Group,GrpEffectiveUHC,NoRider
90f2a515-f3d5-47e6-9227-c44c8f14d301/Password@1,MAPD,Individual,IndEffectiveAARP,Rider
5704691d-a969-404d-9b08-e297babe6c33/Password@1,MAPD,Individual,IndEffectiveAARP,NoRider
8612298b-4a39-4072-8625-a653166d5faa/Password@1,MA,Individual,IndEffectiveUHC,Rider
96ae6d14-82a0-475f-b364-bae5dad5b698/Password@1,MA,Group,GrpEffectiveUHC,NoRider
88a50177-e9a1-4872-9762-83c01b07efbb/Password@1,SSUP,Group,GrpEffectiveSSUP,NoRider
010b04ca-132b-4159-b805-5a89a9006efe/Password@1,PDP,Group,EffectivePDPUHC,NoRider
2b409c3a-ba26-40c2-9514-3f0ab2526c7d/Password@1,MAPD,IndividualAARPMAPDPaymentsUpdate,,
a05c3ccc-ef6d-4e05-9236-b73266bf498a/Password@1,SHIP,IndividualSHIPPaymentsUpdate,,
022dd20d-b8be-44ba-9331-3ac0c77bd2a0/Password@1,BncnonlisAARPIndividual,,,
6cb91485-3ba8-4d07-9666-cce6f90d9133/Password@1,BncnonlisGroupRetiree,,,
e9fd20f8-7ac0-46b2-a1cb-0bcceb091cb9/Password@1,SHIP,SHIPCLAIMS,ShipInd,
d8605742-c9be-4d74-aeae-1937d5d723bf/Password@1,MAPD,COSMOSCLAIMS,ULayerInd,
4f611e1d-631a-4751-a84e-50f9ee0eb320/Password@1,MAPD,NICECLAIMS,ULayerInd,
9507557c-b77a-41a8-ab91-bb1a3e28aa6d/Password@1,UhcMapdIndContactUs,,,
ed5bcf1c-c531-4755-a162-6115fc838140/Password@1,GroupRetireeMapdContactUs,,,
CREDITSUISSEPDP01/Password@1,PDP,ConnectorModelGroup,,
f5f1d2d7-3a87-490c-a40a-867fd05cf961/Password@1,AARPMapdInd,,,
5839499a-d63f-49cd-acb0-600cd5084393/Password@1,Ship,PaymentHistory,,
6bf20dd2-7207-41ba-8a13-80b6edbf3a96/Password@1,MA,AARP_Individual_order,,
c3609b0b-47c0-410b-80bc-ff064f03d174/Password@1,MAPD,AARP_Individual_order,,
d225fb37-31e0-47a2-8ce2-735d15faab78/Password@1,PDP,AARP_Individual_order,,
d72d8757-e9d6-4d86-b7fc-6d45d671dd2e/Password@1,PCP,Individual_order,,
fb66b396-8943-4b02-b328-f816f6b4697a/Password@1,MEDICA,Individual_order,,
3d91630d-298d-44ff-bccd-31c0dc8040da/Password@1,MAPD,UHC_Individual_order,,
c9feff4c-b22b-4d76-9a5e-4a4beded87f7/Password@1,SHIP,COMBO_EFT_MedSelectPlan_order,,
c9feff4c-b22b-4d76-9a5e-4a4beded87f7/Password@1,SHIP,EFT_MedSelectPlan_order,,
8216ef6d-3d0c-43d1-8ae8-d151a52d0f62/Password@1,MAPD,UHC_Group_order,,
67a3f5b2-24cc-44ba-9f6b-ce32eaaf66e7/Password@1,MA,UHC_Group_order,,
7d32e92b-7cc1-47fc-8bdc-8342578b1c56/Password@1,PDP,UHC_Group_order,,
126720eb-9089-4096-a4bc-8f8b7a3c9de4/Password@1,MAPD,COMBO_order,,
126720eb-9089-4096-a4bc-8f8b7a3c9de4/Password@1,MEDSUPP,COMBO_order,,
09c36c12-f136-4f6f-904a-67a9c2d2710a/Password@1,PDP,COMBO_order,,
8b3d448c-bf15-4572-a0b2-49ed6f972f80/Password@1,SSUP,COMBO_order,,
cf35d388-70a1-4626-923b-26dc0852e0d2/Password@1,MAPD,AARP_Terminatedmember_order,,
5839499a-d63f-49cd-acb0-600cd5084393/Password@1,SHIP,MEDSUPP_order,,
0b5bacf8-2c5a-4815-92db-0c544ee6d2f9/Password@1,MAPD,RewardsMember,,
bbfe0526-ab61-440e-acb2-8f15d9537669/Password@1,MA,RewardsMember,,
8205b9cf-2a0c-45ad-8d6a-a343eb752f05/Password@1,PDP,RewardsMember,,
09c36c12-f136-4f6f-904a-67a9c2d2710a/Password@1,COMBO,RewardsMember,,
f88ba350-204f-4b5c-bca7-92ace6faa0c0/Password@1,PDP,member_ContactUs,,
6090290b-5568-446a-85be-7cffe029a2c9/Password@1,MAPD,IndividualMember,,
428d4915-5e85-4152-89bd-2f548242d4b5/Password@1,MAPD,CALPERSGroup,,
cba315b8-0304-4847-a1a3-d09e52f4ab9b/Password@1,MAPD,GEORGIAGroup,,
2bd468be-de8a-4df9-ba60-461899c50c14/Password@1,MAPD,TEXASERSGroup,, 
8d356dbc-0364-4c22-8dd2-4b5019773007/Password@1,MA_AARP_GOGreen,,,
7c29a5f1-094b-4e57-a162-10f0aaf48588/Password@1,PDP,IDCardmember,,
47d25433-b689-465a-a23f-391ec3581dea/Password@1,SSP,Terminated_Group_SSP,,
412a1911-7f30-43c7-8747-5ad59dbe668b/Password@1,MA,Terminated_Group_MA_NICE,,
bbb4e65f-1986-43ae-9dd6-136f80938566/Password@1,MAPD,Terminated_Group_MAPD_COSMOS,,
db940d42-453c-4de5-a128-ce49fb56a6b5/Password@1,MA,Terminated_Individual_MA_COSMOS,,
3eb36138-2fcc-4ffa-a92d-ad31e66360d7/Password@1,MAPD,Terminated_Individual_MAPD_NICE,,
d2fb47a5-62ff-4fcd-884d-e00ca2cbce60/Password@1,MAPD,IndAARPPharmacyFnR,,
ea1db7e1-87cf-43d2-8e58-ca9dd9390c8e/Password@1,PDP,IndAARPPharmacyFnR,,
146afc9b-8d52-4ec4-a3a2-e209144381ee/Password@1,MAPD,GroupPharmacyFnR,,
061b7c5a-4d66-4f32-bddb-5fc7ef650fb2/Password@1,MAPD,MedicaPharmacyFnR,,
d90771dd-02b7-459b-9c48-580bfafcd8df/Password@1,MAPD,PCPPharmacyFnR,,
a05c3ccc-ef6d-4e05-9236-b73266bf498a/Password@1,SHIP,IndividualSHIPPaymentsUpdate,,
6e7e1ea5-034b-4d07-9524-3460d2e5b0a7/Password@1,MAGroup,NoDeductible,,
ac80e35e-c086-411b-aaa8-e660eb7a0e6b/Password@1,MAPDGroup,NoDeductible,,
b227b9cf-64f8-4b98-bc95-882968ad8554/Password@1,MAGroup,SingleDeductible,,
afdbd9e9-b049-48c9-bcf9-784029fde2d6/Password@1,MAPDGroup,SingleDeductible,,
d8276124-7d7c-4117-8e15-5e9f2d564c23/Password@1,MAGroup1,DualDeductible,,
3870f00c-e33e-455d-8f11-fbe0d5715fbe/Password@1,MAGroup2,DualDeductible,,
f22aeb44-736a-42fc-99d5-ef601401616c/Password@1,PDP,TexasRxPharmacyFnR,,
b4a105a1-4f78-423e-b1f3-12a0e495c6da/Password@1,MAPD,IndUHCPharmacyFnR,,
d113310c-a909-4697-b080-a255871e8681/Password@1,MA,IndAARPPharmacyFnR,,
d63617c6-1766-4584-a613-c0b12db9e71a/Password@1,SHIP,IndPharmacyFnR,,
5e5f5d46-563d-4cff-81ff-061255ac4d68/Password@1,MA,IndUHCPharmacyFnR,,
100f28d9-a01c-4e68-9360-178fbfa2663b/Password@1,MAPD,AARP_Individual_PnP,,
62b14d42-1578-4476-a027-ed7d4562408c/Password@1,MAPD,UHC_Individual_PnP,,
24476b07-62d0-45d8-bf1d-ea6f42e87147/Password@3,PDP,Individual_PnP,,
23fd2136-9428-4ad3-8a77-0094e59ee045/Password@1,MEDICA,Individual_PnP,,
d72d8757-e9d6-4d86-b7fc-6d45d671dd2e/Password@1,PCP,Individual_PnP,,
a0f3dbf4-f0fb-410e-9a90-2a07b48beeba/Password@1,MAPD,COMBO_PnP,,
2f866bbf-a2b8-42cd-8228-fb9250a33f94/Password@1,MAPD,PreEff_PnP,,
758ae6cf-102f-4f35-b904-218ea1383177/Password@1,PDP,PreEff_PnP,,
5df59970-387e-4b17-aec1-d079ca78a290/Password@1,MA,Individual_PnP,,
5839499a-d63f-49cd-acb0-600cd5084393/Password@1,SHIP,Individual_PnP,,
fa1ba5b8-9d1b-45c9-bc7a-6c3016a50f64/Password@1,MAPD,Terminated_PnP,,
45ae5b0b-687f-49ca-a1eb-15de52297e63/Password@1,MAPD,GROUP_PEEHIP_PnP,,
a00b0b8b-321a-44b6-ab4f-7f25c0e91095/Password@1,PDP,COMBO_PnP,,
e38468e2-9dea-4a58-a086-762350864fc4/Password@1,PDP,COMBO_GROUP_PnP,,
fb15468c-87c5-4312-aaff-ed4048b12872,MAPD,MakeOneTimeCCTotal_Payments,,
cca1b4a7-8ece-4c82-9c10-957308b514e3/Password@1,PDP,MakeOneTimeCCOther_Payments,,
fb15468c-87c5-4312-aaff-ed4048b12872Password@123,MAPD,SetupRecEFT_Payments,,
7da85c24-c505-40d9-91d2-4ebd3975fb68/Password@1,PDP,SetupRecCC_Payments,,
b4f87cfd-175e-43e4-9e01-6aa923359621/Password@1,MAPD,UpdateRecurrEFT_Payments,,
cca1b4a7-8ece-4c82-9c10-957308b514e3/Password@1,PDP,UpdateRecurrCC_Payments,,
d5a10539-10b8-4c2f-a429-8af0712e825a/Password@1,MAPD,UpdateRecurrStop_Payments,,
78491e1e-9177-4f06-a1be-d0fbe999bbb5/Password@1,SHIP,SHIPUpdate_Payments,,
b0ba148f-e0bc-40e9-aed5-3aaba9f77402/Password@1,PDP,ComboMakeOneTimeCCTotal_Payments,,
4dfea32c-bfe7-473a-a596-5d583947c90c/Password@1,PDP,ComboMakeOneTimeCCOther_Payments,,
35705246-35b6-4b6b-9807-5e8cb55f12e8/Password@1,PDP,ComboSetupRecEFT_Payments,,
4dfea32c-bfe7-473a-a596-5d583947c90c/Password@1,PDP,ComboStepuRecCC,,
b0ba148f-e0bc-40e9-aed5-3aaba9f77402/Password@1,PDP,ComboStepuRecCC_Payments,,
418104da-2552-414d-bcec-a4fdaa500fbc/Password@1,PDP,ComboUpdateRecurrCC_Payments,,
b0ba148f-e0bc-40e9-aed5-3aaba9f77402/Password@1,PDP,ComboUpdateStopRec_Payments,,
8205b9cf-2a0c-45ad-8d6a-a343eb752f05/Password@1,PDP,IndAARPPDP_Pharmacylocator,,
8216ef6d-3d0c-43d1-8ae8-d151a52d0f62/Password@1,MAPD,GroupMAPD_Pharmacylocator,,
324e8727-868d-4a37-9ccc-63d103dc6e6d/Password@1,MAPD,Medica_Pharmacylocator,,
133ff25b-2989-4637-ac66-5593f28bd8e8/Password@1,MAPD,PCP_Pharmacylocator,,
3815175e-7ce7-4d79-a29d-188584cf8f8a/Password@1,MA,TexasRx_Pharmacylocator,,
bcd456b5-d0b4-434a-8a6f-4c8792d63602/Password@1,MAPD,IndMAPDUHC_Pharmacylocator,,
100f28d9-a01c-4e68-9360-178fbfa2663b/Password@1,MAPD,IndAARPMAPD_Pharmacylocator,,
00fd31ca-7ebc-4061-9f9b-22ccab9d1669/Password@1,MA,IndAARPMA_Pharmacylocator,,
5e5f5d46-563d-4cff-81ff-061255ac4d68/Password@1,MA,IndUHCMA_Pharmacylocator,,
9094f7d8-4e7d-4cc8-8c79-1ba91ef8802f/Password@1,MA,IndSHIP_Pharmacylocator,,
45ae5b0b-687f-49ca-a1eb-15de52297e63/Password@1,MAPD,Peehip_Pharmacylocator,,
7e294420-1e44-4c33-a729-3e5a601af43c/Password@1,PDP,Walgreen_Pharmacylocator,,
5839499a-d63f-49cd-acb0-600cd5084393/Password@1,SHIP,IndSHIP_Pharmacylocator,,
9507557c-b77a-41a8-ab91-bb1a3e28aa6d/Password@1,MAPD,Ind_ContactUs,,
9315b696-7703-46c7-8453-119178e85900/Password@1,PDP,ContactUs,,
a249078c-f643-4eb0-9d8b-6e6718b4369c/Password@1,PHIP,SHIPCLAIMS_ContactUs,,
c65d146c-53d6-481a-aff4-e157d4f1dafe/Password@1,MA,Terminated_Group_MA_NICE_ContactUs,,
bbb4e65f-1986-43ae-9dd6-136f80938566/Password@1,MAPD,Terminated_Group_MAPD_COSMOS_ContactUs,,
47d25433-b689-465a-a23f-391ec3581dea/Password@1,SSP,Terminated_Group_SSP_ContactUs,,
db940d42-453c-4de5-a128-ce49fb56a6b5/Password@1,MA,Terminated_Individual_MA_COSMOS_ContactUs,,
fbf63a23-da14-4ca4-a3c1-4c07327c9844/Password@1,MAPD,Terminated_Individual_MAPD_NICE_ContactUs,,
0f35e3cb-8c53-4c02-bf22-e9c565e0ddbf/Password@1,MAPD,CALPERSGroup_ContactUs,,
cba315b8-0304-4847-a1a3-d09e52f4ab9b/Password@1,MAPD,GEORGIAGroup_ContactUs,,
3065f0ff-362a-4014-9101-c5d082c63e6c/Password@1,MAPD,TEXASERSGroup_ContactUs,,
8d356dbc-0364-4c22-8dd2-4b5019773007/Password@1,MA_ContactUs,,,
d9d5b5c3-9e0f-458b-ba2a-c782dab5febd/password@1,PreEffectivePDP,,,
00b3c2eb-4430-4574-866c-6c2dd8fd038e/Password@1,MICROMULTIFEDSHIP_ProfilePref,,,
01eee233-f2a3-42e0-b530-e3a51adfc106/Password@1,GRPDPSSUP_ProfilePref,,,
04fc1b17-9515-465f-9000-1cde7ff91f9a/Password@1,GrpPDP,PDP_Group,NON LIS_ProfilePref,
11d69d2d-96c3-4137-bab6-e8196da36b58/Password@1,Combo_FED_SHIP,EPMPEnabled_ProfilePref,,
11d69d2d-96c3-4137-bab6-e8196da36b58/Password@1,Combo_PDP_SSUP,EPMPEnabled_ProfilePref,,
0eeef81d-b65d-4aa7-88f4-ad585822768c/Password@1,PDP,PDP_Profilepref,,
126720eb-9089-4096-a4bc-8f8b7a3c9de4/Password@1,ACTIVETERMFEDSHIPCOMBO_ProfilePref,,,
1c5eafc4-c581-4e26-88d4-9c759f411a5a/Password@1,MA_UHC_GOGreen_Profilepref,,,
22ade376-f352-4f21-95a6-2ada40cd2956/Password@1,GROUPDPSSUP_ProfilePref,,,
ca09d886-c6f7-4769-9695-a3fb9a04219c/Password@1,Medica,Medica_SouthFlorida_ProfilePref,,
23fd2136-9428-4ad3-8a77-0094e59ee045/Password@1,MEDICA_ProfilePref,,,
5839499a-d63f-49cd-acb0-600cd5084393/Password@1,SHIP_MedSel_ProfilePref,,,
261384e7-8b24-4ecb-831b-034d0310536e/Password@1,GROUPDP_ProfilePref,,,
2866ea3e-8d97-44f0-8838-989ee3b63c33/Password@1,GRPMAPDPREFFECTIVE_ProfilePref,,,
2f866bbf-a2b8-42cd-8228-fb9250a33f94/Password@1,MAPDPREFFECTIVE_ProfilePref,,,
3066ebad-a907-4610-9a74-55d8862b3e7e/Password@1,ACTIVESHIP_ProfilePref,,,
19dfc30d-cf3a-449e-afa9-9b8d54367520/Password@1,GOVT,AP_ADDRESS,NON LIS_ProfilePref,
330b89c0-e129-48c5-8b93-5631d96616eb/Password@1,MA,Individual,NON LIS_ProfilePref,
330b89c0-e129-48c5-8b93-5631d96616eb/Password@1,MA,MA_UHCIndividual,NON LIS_ProfilePref,
352bb9eb-e1c9-4aa7-a847-37105dca559b/Password@1,PDP,Individual,NON LIS_ProfilePref,
352bb9eb-e1c9-4aa7-a847-37105dca559b/Password@1,PDP,PDP_AARPIndividual,NON LIS_ProfilePref,
39994871-30c5-47f9-b3c7-5e3d777bdfb8/Password@1,MAPDGroup,Group,NON LIS_ProfilePref,
53da942b-ace7-4e3b-8f19-6fc5ee6dabc2/Password@1,MAPD,MAPD_Group,NON LIS_ProfilePref,
65336230-08cb-43bf-9254-289d5986d2e1/Password@1,PREACTIVEGRP_ProfilePref,,,
68b98d03-0218-4b25-ac81-70ab0385c9df/Password@1,ACTIVEPCP_ProfilePref,,,
6a150cb7-23ef-40f4-9fd4-9ec3256d9e72/Password@1,PRESHIP_ProfilePref,,,
8c89df0e-e7c2-4568-ab60-99b118a39afc/Password@1,Terminated_ProfilePref,,,
76a08c9d-b0e5-476c-958d-75ec5ce2a6f9/Password@1,GROUPSSUP_ProfilePref,,,
dee3bd88-ec67-46b5-8ea0-0602fb333699/Password@1,MAPD,EPMPEnabled,Terminated_ProfilePref,
7d32e92b-7cc1-47fc-8bdc-8342578b1c56/Password@1,PDPGroup,Group,NON LIS_ProfilePref,
7ee11657-cf51-404c-91c5-08aea30802dc/Password@1,SSUP_ProfilePref,,,
7ee11657-cf51-404c-91c5-08aea30802dc/Password@1,SSUP,SSUP_ProfilePref,,
8205b9cf-2a0c-45ad-8d6a-a343eb752f05/Password@1,PDP_AARP_GOGreen_Profilepref,,,
2b2b45df-6d08-4f6d-b204-ac8fb20cc0cd/Password@1,MAPDCOSMOS_ProfilePref,,,
83369361-b042-42df-97d0-805556320a29/Password@1,Medica,Individual,NON LIS_ProfilePref,
86e9c43d-c74b-43c0-bc95-f9306770e0b8/Password@1,MULTIGOVPRETERM_ProfilePref,,,
8fdb862a-8fa4-427f-80cc-436cb2b64bc0/Password@1,AARPPDP_ProfilePref,,,
b67e8402-716c-4dec-8770-2565ef409c18/Password@1,MA,MA_UHCGroup,NON LIS_ProfilePref,
940bd6af-3231-4c13-b0af-600e2a35114b/Password@1,MAGroup,Group,NON LIS_ProfilePref,
5839499a-d63f-49cd-acb0-600cd5084393/Password@1,SHIP,SHIP_ProfilePref,,
1793b454-5d55-411d-b84d-0d1d05102aaf/Password@1,SHIP,COMBO_SHIP_ProfilePref,,
9b0e8924-d1cd-4add-a1ef-b3c6c8c8358d/Password@1,MAIndividualCOSMOS_ProfilePref,,,
9cf8c39a-9163-4ef3-b205-ad13de502e4f/Password@1,SSUPGroup,Group,NON LIS_ProfilePref,
a0f3dbf4-f0fb-410e-9a90-2a07b48beeba/Password@1,COMBO,FedShip,NON LIS_ProfilePref,
a10e2642-0cec-4c72-b1ba-b990f677f9e5/Password@1,MA_001_AARP_GOGreen_Profilepref,,,
a351e29e-9980-49d4-ac29-c9114fcc4b23/Password@1,MAPD_UHC_GOGreen_Profilepref,,,
a67e1596-5686-44c6-b447-7b73982f7046/Password@1,GRPMAPREFFECTIVE_ProfilePref,,,
a7773c30-83b6-4d0d-bfb0-8e33c504d5fa/Password@1,MANICE_ProfilePref,,,
aaba8f69-8e62-499f-a48e-43786a07c80c/Password@1,MAPD_AARP_GOGreen_Profilepref,,,
af2aa11d-ffd3-4ac4-b12e-d7fa6926a276/Password@1,PCP,Individual,NON LIS_ProfilePref,
b7c87a64-bc78-48e0-b60f-0ba2ffa5712f/Password@1,MA_AARP_GOGreen_Profilepref,,,
b8a5eb87-4d88-4862-9489-1a55a7648933/Password@1,ACTIVEGOVTSHIPCOMBO_ProfilePref,,,
2bb7ae2b-af73-4ec3-9f65-9a2006777c9a/Password@1,MAPD_GROUP_GOGreen_Profilepref,,,
c3609b0b-47c0-410b-80bc-ff064f03d174/Password@1,MAPD,Individual,NON LIS_ProfilePref,
3c533148-5fb5-4f3a-8555-f8a63fb4ede8/Password@1,MAPD,EPMPEnabled,Individual_ProfilePref,
c46fe3ec-5f6e-4fcd-bbf9-c4cbd075c829/Password@1,FEDSHIPPREEFFECTIVE_ProfilePref,,,
c68d319d-8c09-4d58-b200-254834d5f4f6/Password@1,MAPREFFECTIVE_ProfilePref,,,
ca09d886-c6f7-4769-9695-a3fb9a04219c/Password@1,ACTIVEMedica_ProfilePref,,,
9bd4cf70-3875-486a-81a6-192959a2dc15/Password@1,GROUPMAPD_ProfilePref,,,
d23394f0-975d-48d7-81ee-f4c97dbb5e05/Password@1,SSUPPREFFECTIVE_ProfilePref,,,
d72d8757-e9d6-4d86-b7fc-6d45d671dd2e/Password@1,MA,PCP,NON LIS_ProfilePref,
d72d8757-e9d6-4d86-b7fc-6d45d671dd2e/Password@1,PCP,PCP_SouthFlorida_ProfilePref,,
d72d8757-e9d6-4d86-b7fc-6d45d671dd2e/Password@1,PCP_ProfilePref,,,
d9d5b5c3-9e0f-458b-ba2a-c782dab5febd/Password@1,PDPPREFFECTIVE_ProfilePref,,,
dee3bd88-ec67-46b5-8ea0-0602fb333699/Password@1,MAPD,Terminated_AccPro,NON LIS_ProfilePref,
c3609b0b-47c0-410b-80bc-ff064f03d174/Password@1,MAPD,MAPD_Individual,NON LIS_ProfilePref,
e6f85715-e869-421f-af17-bdf673a15fc7/Password@1,MAPDNICE_ProfilePref,,,
f5f1d2d7-3a87-490c-a40a-867fd05cf961/Password@1,MAPD_AARPIndividual,AARP_ProfilePref,,
f7fe3054-1d9f-429e-9bdc-6a20ccae0ebc/Password@1,ACTIVEPRESHIP_ProfilePref,,,
f9314008-edcb-4b40-b4a5-8ad28d769115/Password@1,GRPPDPPREFFECTIVE_ProfilePref,,,
fce3a5ba-5795-4c24-8958-3cb9431a32ac/Password@1,GROUPMA_ProfilePref,,,
fd27bcad-44f0-4f96-aef4-35b84feb75ec/Password@1,MULTIFEDACTIVE_ProfilePref,,,
5839499a-d63f-49cd-acb0-600cd5084393/Password@1,SHIP,ShipOnly,NON LIS_ProfilePref,
5839499a-d63f-49cd-acb0-600cd5084393/Password@1,SHIP_MedSel_ProfilePref,,,
c68d319d-8c09-4d58-b200-254834d5f4f6/Password@1,IndMA,preeffectiveIndMA,NON LIS,
2f866bbf-a2b8-42cd-8228-fb9250a33f94/Password@1,IndMAPD,preeffectiveIndMAPD,NON LIS,
d9d5b5c3-9e0f-458b-ba2a-c782dab5febd/Password@1,IndPDP,preeffectiveIndPDP,NON LIS,
a67e1596-5686-44c6-b447-7b73982f7046/Password@1,GroupMA,preeffectiveGroupMA,NON LIS,
2866ea3e-8d97-44f0-8838-989ee3b63c33/Password@1,GroupMAPD,preeffectiveGroupMAPD,NON LIS,
7e796012-f1b7-42f8-afdf-1639b4d2464a/Password@1,GroupSSUP,preeffectiveGroupSSUP,NON LIS,
f9314008-edcb-4b40-b4a5-8ad28d769115/Password@1,GroupPDP,preeffectiveGroupPDP,NON LIS,
91df8ede-283f-4063-9ba1-56171dea3ab9/Password@1,SHIPPreffective,preeffectiveSHIPOnly,NON LIS,
f5f1d2d7-3a87-490c-a40a-867fd05cf961/Password@1,BncnonlisAARPIndividual,MAPD,,
fa1ba5b8-9d1b-45c9-bc7a-6c3016a50f64/Password@1,MAPD,GroupRetireeCosmosEOB,Medical,
bcd456b5-d0b4-434a-8a6f-4c8792d63602/Password@1,UhcMapdIndContactUs,MAPD,,
2e9cb214-abcc-45ca-9e93-43f889c23602/Password@1,GroupRetireeMapdContactUs,MAPD,,
8c89df0e-e7c2-4568-ab60-99b118a39afc/Password@1,MAPD,UhcMapdInd,,
14571f3d-4eaa-4b55-9d4c-cde45c36fd3a/Password@1,MAPD,RxCLAIMS,ULayerInd,
c3af5ca5-52df-44a0-9469-e1db718dda02/Password@1,BncnonlisGroupRetiree,MAPD,,
39994871-30c5-47f9-b3c7-5e3d777bdfb8/Password@1,MAPD,MAPD_Group,NON LIS,
4f2634c7-5647-45d9-97c2-2a296de690ee/Password@1,PDP,PDP_Group,NON LIS,
df2e21af-7ff7-4338-9ace-d497268db244/Password@1,MAPD,Terminated_AccPro,NON LIS,
4f163778-c236-49a1-b8e3-e4b062ed7e67/Password@1,MAPD,UHC_GROUP,COSMOS_CLAIMS,
2b2b45df-6d08-4f6d-b204-ac8fb20cc0cd/Password@1,MAPD,AARP_Individual,COSMOS_CLAIMS,
8612298b-4a39-4072-8625-a653166d5faa/Password@1,MAPD,UHC_Individual,COSMOS_CLAIMS,
d7f08448-d1aa-4d6e-b927-2bba1210e893/Password@1,MAPD,AARP_Individual,COSMOS_CLAIMS,
5e5f5d46-563d-4cff-81ff-061255ac4d68/Password@1,MA,UHC_Individual,COSMOS_CLAIMS,
fbaad1d0-53e3-4fa3-a869-2e7e3089f5ea/Password@1,MA,UHC_GROUP,COSMOS_CLAIMS,
dce22223-be33-4281-828e-712024e058fb/Password@1,SSUP,UHC_COMBO_GROUP,COSMOS_CLAIMS,
2b2feb91-6450-43cc-9922-9b56f1d594b5/Password@1,SSUP,UHC_GROUP,COSMOS_CLAIMS,
ca09d886-c6f7-4769-9695-a3fb9a04219c/Password@1,MEDICA,Individual,COSMOS_CLAIMS,
d72d8757-e9d6-4d86-b7fc-6d45d671dd2e/Password@1,PCP,Individual,COSMOS_CLAIMS,
8867a928-57ad-4bc8-b599-c0238ad27571/Password@1,MAPD,AARP_Individual,NICE_CLAIMS,
bbd58bee-b81c-44b2-9f77-ce550058b2f4/Password@1,SHIP,Individual,COMPASS_CLAIMS,
de512cc5-4251-4cc1-b3c6-2c6ffbef91f4/Password@1,MAPD,AARP_Individual,RX_CLAIMS,
62da9f7a-cd1c-4529-a2b9-d4150cc10444/Password@1,MAPD,UHC_Individual,RX_CLAIMS,
85bb415b-c4d0-40ff-9ff8-063c2c926088/Password@1,MAPD,UHC_GROUP,RX_CLAIMS,
8fdb862a-8fa4-427f-80cc-436cb2b64bc0/Password@1,PDP,Individual,RX_CLAIMS,
5ca211c9-98cb-4c80-9795-b92bfdf9a893/Password@1,PDP,GROUP,RX_CLAIMS,
0bc0c9d1-28db-4d86-bf21-9f222c5d1a8c/Password@1,SHIP,PHIP,COMPASS_CLAIMS,
11edaf17-7512-4ab3-96ed-e004af7eba1b/Password@1,SSUP,EOB_GROUP,COSMOS_CLAIMS,
f2304b74-799c-4816-8a00-8101011bf005/Password@1,SHIP,Individual,7Year_COMPASS_CLAIMS,
586eec78-4038-4262-809e-de3be1a54e36/Password@1,MA,IDCardmember,,
7d32e92b-7cc1-47fc-8bdc-8342578b1c56/Password@1,PDP_GROUP_DCE,,,
80a2b1b1-3abe-40cc-b917-7f95184dc5fa/Password@1,MAPD,Individual_FormsResources,IndEffectiveAARP,NoRider
c3609b0b-47c0-410b-80bc-ff064f03d174/Password@1,MAPD,Individual_FormsResources,IndEffectiveAARP,Rider
6cb91485-3ba8-4d07-9666-cce6f90d9133/Password@1,MAPD,Group_FormsResources,GrpEffectiveUHC,NoRider
6ccbecc6-c703-4ef6-bc73-3cce4f58ea31/Password@1,MAPD,Individual_FormsResources,IndEffectiveUHC,NoRider
3d91630d-298d-44ff-bccd-31c0dc8040da/Password@1,MAPD,Individual_FormsResourcesl,IndEffectiveUHC,Rider
d90771dd-02b7-459b-9c48-580bfafcd8df/Password@1,PCP,Individual_FormsResources,IndEffectivePCP,NoRider
83369361-b042-42df-97d0-805556320a29/Password@1,MEDICA,Individual_FormsResourcesl,IndEffectiveMedica,NoRider
96ae6d14-82a0-475f-b364-bae5dad5b698/Password@1,MA,Group_FormsResources,GrpEffectiveUHC,NoRider
8d356dbc-0364-4c22-8dd2-4b5019773007/Password@1,MA,Individual_FormsResourcesl,IndEffectiveUHC,Rider
0538a9b2-aee1-4784-9dbe-1aba28c2dca1/Password@1,MA,Individual_FormsResources,IndEffectiveAARP,Rider
6b2fb810-6cdc-44d9-aef1-5ee094bc2d34/Password@1,MA,Individual_FormsResources,IndEffectiveAARP_NR,NoRider
fbc4119c-a346-4abc-a61c-61e5c89fcdd4/Password@1,MedSupp,Individual_FormsResourcesl,EffectiveShipMedSupp,NoRider
24476b07-62d0-45d8-bf1d-ea6f42e87147/Password@3,PDP,Individual_FormsResources,EffectivePDPAARP,NoRider
b7724e62-322d-4684-92c4-82076654b2c1/Password@1,PDP,Individual_FormsResources,EffectivePDPUHC,NoRider
010b04ca-132b-4159-b805-5a89a9006efe/Password@1,PDP,Group_FormsResources,EffectivePDPUHC,NoRider
88a50177-e9a1-4872-9762-83c01b07efbb/Password@11,SSUP,Group_FormsResources,GrpEffectiveSSUP,NoRider
2f866bbf-a2b8-42cd-8228-fb9250a33f94/Password@1,MAPD_FormsResources,IndAARPPre-EffectiveFnR,,
c68d319d-8c09-4d58-b200-254834d5f4f6/Password@1,MA_FormsResources,IndAARPMAPre-EffectiveFnR,,
f9314008-edcb-4b40-b4a5-8ad28d769115/Password@1,PDP_FormsResources,IndAARPPre-EffectivePDPFnR,,
b7724e62-322d-4684-92c4-82076654b2c1/Password@1,PDP_FormsResources,PdpuhcindividualFnR,,
6cb91485-3ba8-4d07-9666-cce6f90d9133/Password@1,MAPD_FormsResources,GroupMAPDPharmacyFnR,,
24476b07-62d0-45d8-bf1d-ea6f42e87147/Password@3,PDP_FormsResources,IndAARPFnR,,
f22aeb44-736a-42fc-99d5-ef601401616c/Password@1,PDP_FormsResources,TexasRxPharmacyFnRPage,,
010b04ca-132b-4159-b805-5a89a9006efe/Password@1,PDP_FormsResources,UHCGroupFnR,,
6b2fb810-6cdc-44d9-aef1-5ee094bc2d34/Password@1,MA_FormsResources,AARPIndFnR_NR,,
45ae5b0b-687f-49ca-a1eb-15de52297e63/Password@1,MAPDALPeehip_FromsResources,GroupAlPeehipFnR,,
d90771dd-02b7-459b-9c48-580bfafcd8df/Password@1,MAPD_FromsResources,PCP,,
09c36c12-f136-4f6f-904a-67a9c2d2710a/Password@1,Combo_FromsResources,ComboFnR,,
db940d42-453c-4de5-a128-ce49fb56a6b5/Password@1,MA_FromsResources,IndAARPMATerminatedFnR,,
3ce93363-b89d-4ba5-8b49-591c55a4936f/Password@1,SHIP_FromsResources,IndPharmacyShipFnR,,
eb67f25e-582e-420f-8cf4-d91ae0b8f663/Password@22,MAPD_FormsResources,IndAARPPharmacyFnR,,
3ce93363-b89d-4ba5-8b49-591c55a4936f/Password@1,SHIP_FromsResources,IndPharmacyShipFnR,,
d90771dd-02b7-459b-9c48-580bfafcd8df/Password@1,MAPD,PCP_FromsandResources,,
83369361-b042-42df-97d0-805556320a29/Password@1,MAPD,MEDICA_FromsandResources,,
c25412cc-018d-4fa6-a1ac-cd89af566c1b/Password@1,MAPD,IndEff_AARP_FnR,,
eb86006b-b2fd-4f45-8877-bbc6724a4669/Password@1,MAPD,IndEff_UHC_FnR,,
c6cd8849-7331-4e1a-a15d-c2984deb3f03/Password@1,PDP,IndEff_AARP_FnR,,
db940d42-453c-4de5-a128-ce49fb56a6b5/Password@1,MA,Terminated_FnR,,
2866ea3e-8d97-44f0-8838-989ee3b63c33/Password@1,MAPD,PreEff_FnR,,
010b04ca-132b-4159-b805-5a89a9006efe/Password@1,PDP,PreEff_FnR,,
21404adb-27ef-4094-88e7-3e7e72548d80/Password@1,SHIP,IndEff_FnR,,
6ce8288c-de4f-49a5-8229-c94c2a8b464e/Password@1,MAPD,Terminated_FnR,,
80a2b1b1-3abe-40cc-b917-7f95184dc5fa/Password@1,MAPD,Individual_FormsResources,,
8205b9cf-2a0c-45ad-8d6a-a343eb752f05/Password@1,PDP,PDPLIS_Bnc,LIS 3,
1c5eafc4-c581-4e26-88d4-9c759f411a5a/Password@4,MA,Individual_BnC,,
1c5eafc4-c581-4e26-88d4-9c759f411a5a/Password@4,MA,Individual_BnC,NON LIS,
8612298b-4a39-4072-8625-a653166d5faa/Password@1,MA,Individual_BnC,IndEffectiveUHC,Rider
6b2fb810-6cdc-44d9-aef1-5ee094bc2d34/Password@1,MA,Individual_BnC,IndEffectiveAARP,NoRider
0538a9b2-aee1-4784-9dbe-1aba28c2dca1/Password@1,MA,Individual_BnC,IndEffectiveAARP,Rider
96ae6d14-82a0-475f-b364-bae5dad5b698/Password@1,MA,Group_BnC,GrpEffectiveUHC,NoRider
b227b9cf-64f8-4b98-bc95-882968ad8554/Password@1,MA,Group_BnC,NON LIS,
b227b9cf-64f8-4b98-bc95-882968ad8554/Password@1,MAGroup_BnC,SingleDeductible,,
6e7e1ea5-034b-4d07-9524-3460d2e5b0a7/Password@1,MAGroup_BnC,NoDeductible,,
d8276124-7d7c-4117-8e15-5e9f2d564c23/Password@1,MAGroup1_BnC,DualDeductible,,
3870f00c-e33e-455d-8f11-fbe0d5715fbe/Password@1,MAGroup2_BnC,DualDeductible,,
ac80e35e-c086-411b-aaa8-e660eb7a0e6b/Password@1,MAPDGroup_BnC,NoDeductible,,
deca801f-30e6-4c5f-b035-239ae9080da4/Password@1,MAPD,Group_BnC,LIS 4,
13f839d2-01c4-44d9-8366-dc48cd266c9f/Password@1,MAPD,Group_BnC,NON LIS,
afdbd9e9-b049-48c9-bcf9-784029fde2d6/Password@1,MAPDGroup_BnC,SingleDeductible,,
6cb91485-3ba8-4d07-9666-cce6f90d9133/Password@1,MAPD,Group_BnC,GrpEffectiveUHC,NoRider
f975d5fe-e07b-4ddc-a6e8-46cafa57145d/Password@1,MAPD,Individual_BnC,,
cc916b07-2562-4638-b1c0-a96fc112cb47/Password@1,MAPD,Individual_BnC,NON LIS,
c4953e99-7fc3-4e86-8324-eca5ea26e1c6/Password@1,MAPD,Individual_BnC,LIS 1,
5704691d-a969-404d-9b08-e297babe6c33/Password@1,MAPD,Individual_BnC,IndEffectiveAARP,NoRider
90f2a515-f3d5-47e6-9227-c44c8f14d301/Password@1,MAPD,Individual_BnC,IndEffectiveAARP,Rider
40ca32bf-3d5d-41e3-bea2-d46eaf55169d/Password@1,MAPD,Individual_BnC,IndEffectiveUHC,NoRider
4d153472-6818-4599-80f7-680577dcb2b0/Password@1,MAPD,Individual_BnC,IndEffectiveUHC,Rider
374c88f3-78b7-4fad-921a-c66b4f18a3de/Password@1,MAPD,IndividualUHCPayments_BnC,,
1ef9ec17-6fe0-4808-9fe3-c34c58bb9144/Password@1,MAPD,Hartford_BnC,,
7b0d76a6-1ccf-41c5-9fd1-8d65821c9794/Password@1,MAPD,NICEBenefits_BnC,,
d2fb47a5-62ff-4fcd-884d-e00ca2cbce60/Password@1,MAPD,memberWithoutProviderTiering_BnC,,
46236bcc-80c3-4d17-870c-f3085ef1099e/Password@1,MAPD,withoutWaysToSave_BnC,,
f975d5fe-e07b-4ddc-a6e8-46cafa57145d/Password@1,MAPD,COSMOSOfficevisit_BnC,,
f975d5fe-e07b-4ddc-a6e8-46cafa57145d/Password@1,MAPD,MAPDCOSMOS_BnC,,
19dfc30d-cf3a-449e-afa9-9b8d54367520/Password@1,MAPD,withRider_BnC,,
af2aa11d-ffd3-4ac4-b12e-d7fa6926a276/Password@1,MAPD,providerTier_BNC,,
68b98d03-0218-4b25-ac81-70ab0385c9df/Password@1,PCP,Individual_BnC,NON LIS,
d225fb37-31e0-47a2-8ce2-735d15faab78/Password@1,PDP,Individual_BnC,NON LIS,
90481e5f-344c-4e04-a50e-b81f868d70c6/Password@1,PDP,Individual_BnC,LIS 1,
24476b07-62d0-45d8-bf1d-ea6f42e87147/Password@3,PDP,Individual_BnC,EffectivePDPAARP,NoRider
b7724e62-322d-4684-92c4-82076654b2c1/Password@1,PDP,Individual_BnC,EffectivePDPUHC,NoRider
1202e21a-d57e-49cb-a9a5-9212ef4dd3e2/Password@1,PDP,MailOrderPharamacy_BnC,,
947c4ba1-3142-4232-a750-2acf24465b1d/Password@1,PDP,Wallgreens_BnC,,
9bd4cf70-3875-486a-81a6-192959a2dc15/Password@1,MAPD,Greenwich_BnC,,
f22aeb44-736a-42fc-99d5-ef601401616c/Password@1,PDP,TEXASERSGroup_BnC,,
36b514e9-5ab6-44d7-af46-2c89fc2c02a8/Password@1,MAPD,Individual_MyDocuments,,
b8a5eb87-4d88-4862-9489-1a55a7648933/Password@1,COMBO,FedAndShip_MyDocuments
ac416708-284b-4558-a64a-5b592d8e21d7/Password@1,MAPD,Group_MyDocuments
c68d319d-8c09-4d58-b200-254834d5f4f6/Password@1,MA,AARP_IND_PREEFF_PDnR
fce3a5ba-5795-4c24-8958-3cb9431a32ac/Password@1,MA,GROUP_PREEFF_PDnR
758ae6cf-102f-4f35-b904-218ea1383177/Password@1,PDP,AARP_IND_PREEFF_PDnR
f9314008-edcb-4b40-b4a5-8ad28d769115/Password@1,PDP,GROUP_PREEFF_PDnR
2f866bbf-a2b8-42cd-8228-fb9250a33f94/Password@1,MAPD,AARP_IND_PREEFF_PDnR
91d96a83-76fe-4617-b678-6b5ca202c1ec/Password@1,MA,IND_TERM_PDnR
64ff2414-8e01-441f-8881-747ddf1ca4ea/Password@1,MA,GROUP_TERM_PDnR
cf35d388-70a1-4626-923b-26dc0852e0d2/Password@1,MAPD,IND_TERM_PDnR
b7c87a64-bc78-48e0-b60f-0ba2ffa5712f/Password@1,MA,AARP_IND_EFF_PDnR
67a3f5b2-24cc-44ba-9f6b-ce32eaaf66e7/Password@1,MA,GROUP_EFF_PDnR
100f28d9-a01c-4e68-9360-178fbfa2663b/Password@1,MAPD,AARP_IND_EFF_PDnR
9bd4cf70-3875-486a-81a6-192959a2dc15/Password@1,MAPD,GROUP_EFF_PDnR
45ae5b0b-687f-49ca-a1eb-15de52297e63/Password@1,MAPD,PEEHIP_GROUP_EFF_PDnR
ca09d886-c6f7-4769-9695-a3fb9a04219c/Password@1,MEDICA,IND_EFF_PDnR
68b98d03-0218-4b25-ac81-70ab0385c9df/Password@1,PCP,IND_EFF_PDnR
8fdb862a-8fa4-427f-80cc-436cb2b64bc0/Password@1,PDP,AARP_IND_EFF_PDnR
dce22223-be33-4281-828e-712024e058fb/Password@1,PDP,COMBO_GROUP_EFF_PDnR
dce22223-be33-4281-828e-712024e058fb/Password@1,SSP,COMBO_GROUP_EFF_PDnR
5839499a-d63f-49cd-acb0-600cd5084393/Password@1,SHIP,IND_EFF_PDnR
f261f525-d96c-49d9-8952-f4f6dd238c6f/Password@1,SHIP,MULTI_IND_EFF_PDnR
5df59970-387e-4b17-aec1-d079ca78a290/Password@1,MA,MA_DCE,
a0f3dbf4-f0fb-410e-9a90-2a07b48beeba/Password@1,SSUP,SSUP_DCE,
9eb96363-fb9b-466d-9ef7-0f12528de341/Password@1,MAPD,MAPD_DCE,
6b2fb810-6cdc-44d9-aef1-5ee094bc2d34/Password@1,MAPD,MAPD_GROUP_DCE,
7d32e92b-7cc1-47fc-8bdc-8342578b1c56/Password@1,PDP,PDP_DCE,
7d32e92b-7cc1-47fc-8bdc-8342578b1c56/Password@1,PDP,PDP_GROUP_DCE,
5839499a-d63f-49cd-acb0-600cd5084393/Password@1,SHIP,SHIP_DCE,
ff445365-71de-4d5a-9347-fe4f2f91ce54/Password@1,MAPD,Individualwithpharmacy_DCE,
37404048-aa4c-4471-a4a3-6be06664e932/Password@1,MAPD,Individualwithoutpharmacy_DCE,
1a955c1c-f22d-443a-a263-5e2f744a3ae3/Password@1,MAPD,Group_BnC_Ancillary,NON LIS,
9a197683-5abc-47b1-b9f2-792725fac157/Password@1,PDP,Group_BnC,LIS 1,
1793b454-5d55-411d-b84d-0d1d05102aaf/Password@1,Combo,ComboFEDShip_BnC,,
bb841c5b-a491-4d25-87ac-ee40cabe318f/Password@1,HIP,SHIP_BnC,,
ca09d886-c6f7-4769-9695-a3fb9a04219c/Password@1,Medica,Individual_BnC,NON LIS,
ca09d886-c6f7-4769-9695-a3fb9a04219c/Password@1,MEDICA,Individual_BnC,IndEffectiveMedica,NoRider
e7d0aa7f-93ec-4f3d-9eae-2d67a81a0b72/Password@1,PDP,Group_BnC,NON LIS,
dce22223-be33-4281-828e-712024e058fb/Password@1,SSUP,Group_BnC,,
631b77e1-1817-495d-b8fb-bf77c2eb4e99/Password@1,MAPD,ACTIVETERM_Branding,NON LIS,
126720eb-9089-4096-a4bc-8f8b7a3c9de4/Password@1,MAPD,UHCAARPCOMBO_Branding,NON LIS,
46236bcc-80c3-4d17-870c-f3085ef1099e/Password@1,MAPD,AARPIndividual_Branding,NON LIS,
ee8ae773-8dca-47c8-86f6-981a5e6528b2/Password@1,MAPD,SHBP_Branding,NON LIS,
e9b508ec-355e-4dba-bc05-4e7f7eaa7450/Password@1,MAPD,Individual_Branding,NON LIS,
68b98d03-0218-4b25-ac81-70ab0385c9df/Password@1,PCP,PCP_Branding,NON LIS,
b4a105a1-4f78-423e-b1f3-12a0e495c6da/Password@1,MAPD,Villages_Branding,NON LIS,
fb66b396-8943-4b02-b328-f816f6b4697a/Password@1,MEDICA,Medica_Branding,NON LIS,
47705480-8bf2-4cdf-81d7-bf5c85a78f43/Password@1,MAPD,ALPEEHIP_Branding,NON LIS,
43937109-b8d3-4b57-9519-f0537770b8e0/Password@1,MAPD,NCSHP_Branding,NON LIS,
q2_jun_grp0008/Password@1,MAPD,Calpers_Branding,NON LIS,
2bd468be-de8a-4df9-ba60-461899c50c14/Password@1,MAPD,TEXASERS_Branding,NON LIS,
5839499a-d63f-49cd-acb0-600cd5084393/Password@1,SHIP,SHIPOnly_Branding,NON LIS,
b4fe60dc-9d87-4788-8c16-5bce38007f25/Password@1,MAPDVill,Individual_BnC,NON LIS,
b4fe60dc-9d87-4788-8c16-5bce38007f25/Password@1,MAPDVill,Individual_BnC,
5839499a-d63f-49cd-acb0-600cd5084393/Password@1,SHIP,IND_footer,
100f28d9-a01c-4e68-9360-178fbfa2663b/Password@1,MAPD,IndMAPDUHC_footer,
ca09d886-c6f7-4769-9695-a3fb9a04219c/Password@1,MEDICA,Ind_footer,
68b98d03-0218-4b25-ac81-70ab0385c9df/Password@1,PCP,Ind_footer,
62b14d42-1578-4476-a027-ed7d4562408c/Password@1,MAPD,SHIP_FED_COMBO_footer
53d6f741-5d12-4eab-9814-760e32b79c00/Password@1,MA,UHCTerminatedmember_header,
6ce8288c-de4f-49a5-8229-c94c2a8b464e/Password@1,MAPD,AARPTerminatedmember_header,
1b167f19-42c3-48f5-97b4-1efd9ec96bed/Password@1,MAPD,GroupLessSubsidy_header,
8eaabf28-3fff-49dc-90f8-bbdf19ac5fb1/Password@1,MAPD,Individual,header,
8fdb862a-8fa4-427f-80cc-436cb2b64bc0/Password@1,PDP,Individual,header,
ff2dd7ba-89c7-4bc1-938d-7e640702935b/Password@1,MAPD,Medica_header,,
ca09d886-c6f7-4769-9695-a3fb9a04219c/Password@1,MEDICA,Individual,header,
ed5bcf1c-c531-4755-a162-6115fc838140/Password@1,MAPD,UHCGroup_header,,
4c035d17-91c6-49f0-9f65-ba170586e7f5/Password@1,SHIP,Individual_header,,
6b86d9f7-7a53-4c8d-800a-06e535dd7277/Password@1,SSUP,UHCGroup_header,,
6cb91485-3ba8-4d07-9666-cce6f90d9133/Password@1,MAPD,IndividualGroup_header,,
5632a6b6-b2ef-4249-a355-0f844c8df1e4/Password@1,PDP,comboAll100Subsidy_header,,
11d69d2d-96c3-4137-bab6-e8196da36b58/Password@1,PDP_SSP,comboAllNot100Subsidy_header,,
eb456396-cb71-4ce4-bc7a-520b7d65d96b/Password@1,PDP_SSP,comboSomeHas100Subsidy_header,,
1fcc90e0-88a4-44df-8432-a565e2dbfafa/Password@1,PDP_SSP,comboNoPremiumPayment,,
cf35d388-70a1-4626-923b-26dc0852e0d2/Password@1,Terminated_header,,,
deb4066f-04b3-4f1f-a794-ae422f4a94ca/Password@1,SHIP,Medsupp,header,
23fd2136-9428-4ad3-8a77-0094e59ee045/Password@1,MEDICA,IND_header,
d72d8757-e9d6-4d86-b7fc-6d45d671dd2e/Password@1,PCP,IND_header,
deca801f-30e6-4c5f-b035-239ae9080da4/Password@1,MAPD,GROUP_header,
100f28d9-a01c-4e68-9360-178fbfa2663b/Password@1,MAPD,IND_header,
4d15e53a-d4af-430a-845e-c6c1596176a3/Password@1,MAPD,COSMOS_EOB_R,
894f300e-0354-493b-97b9-ab133f6eeb89/Password@1,MAPD,NICE_EOB_R,
a4b559be-7320-444c-b5e3-bc6ddad05a7e/Password@1,MA,COSMOS_EOB_R,
894f300e-0354-493b-97b9-ab133f6eeb89/Password@1,MAPD,NICE_EOB_R,
a4b559be-7320-444c-b5e3-bc6ddad05a7e/Password@1,MA,COSMOS_EOB_R,
00fd31ca-7ebc-4061-9f9b-22ccab9d1669/Password@1,MA,NICE_EOB_R,
f1ba0307-8a28-41c0-8008-15ed33c25043/Password@1,SHIP_MEDICARE SUPPLEMENT,MULTI_SHIP_EOB,
8fdb862a-8fa4-427f-80cc-436cb2b64bc0/Password@1,PDP,Rx_EOB,
dce22223-be33-4281-828e-712024e058fb/Password@1,PDP,GROUP_Rx_EOB,
de336fb5-0a59-4fbf-9f9a-85da10a56f77/Password@1,PHIP,SHIP_EOB,
b8a5eb87-4d88-4862-9489-1a55a7648933/Password@1,PDP,COMBO_EOB,
11edaf17-7512-4ab3-96ed-e004af7eba1b/Password@1,SSUP,GROUP_EOB,
dce22223-be33-4281-828e-712024e058fb/Password@1,PDP,PDP_SSP_COMBO_EOB,
dce22223-be33-4281-828e-712024e058fb/Password@1,SSP,PDP_SSP_COMBO_EOB,
11d69d2d-96c3-4137-bab6-e8196da36b58/Password@1,PDP,PDP_SHIP_COMBO_EOB,
11d69d2d-96c3-4137-bab6-e8196da36b58/Password@1,SHIP_MEDICARE SUPPLEMENT,PDP_SHIP_COMBO_EOB,
00fd31ca-7ebc-4061-9f9b-22ccab9d1669/Password@1,MA,NICE_EOB_EOB_R,
1793b454-5d55-411d-b84d-0d1d05102aaf/Password@1,SHIP_HIP_FED,COMBO_EOB,
f319325f-7239-4df2-bf9f-7b46ab7286b5/Password@1,SSUP,SSUP_ONLY_EOB,
f1ba0307-8a28-41c0-8008-15ed33c25043/Password@1,SHIP,MULTI_SHIP_EOB,
8205b9cf-2a0c-45ad-8d6a-a343eb752f05/Password@1,PDP,LIS_EOB,
b8a5eb87-4d88-4862-9489-1a55a7648933/Password@1,PDP_SHIP,NON_LIS_COMBO_EOB,
09c36c12-f136-4f6f-904a-67a9c2d2710a/Password@1,PDP_SSUP,NON_LIS_COMBO_EOB,
dce22223-be33-4281-828e-712024e058fb/Password@1,PDP_SSUP,COMBO_EOB,
5632a6b6-b2ef-4249-a355-0f844c8df1e4/Password@1,SHIP_MA,COMBO_EOB,
cf35d388-70a1-4626-923b-26dc0852e0d2/Password@1,MAPD,TERM_EOB,
43f1ee4d-9650-426c-85a1-0f80e83654b2/Password@1,MAPD,COSMOS_DEOB,
aabf1d03-cf7b-4a09-a264-99ee85baa156/Password@1,MA,COMBO_SHIP_MA_NICE_DEOB,
655b37c0-0f94-4c42-9e6a-c7accc1b2a80/Password@1,PDP,COMBO_SHIP_PDP_RX_DEOB,
0f109b9e-bb39-4838-a5dc-fb9f52480ae4/Password@1,MA,MA_NICE_DEOB,
a40c2bb8-d676-4ff4-85d0-7c7adf48f974/Password@1,PDP,PDP_RX_DEOB,
43f1ee4d-9650-426c-85a1-0f80e83654b2/Password@1,MAPD,MULTIEOB_NICE_DEOB,
aabf1d03-cf7b-4a09-a264-99ee85baa156/Password@1,SHIP_MEDICARE SUPPLEMENT,COMBO_SHIP_MA_NICE_DEOB,
655b37c0-0f94-4c42-9e6a-c7accc1b2a80/Password@1,SHIP_MEDICARE SUPPLEMENT,COMBO_SHIP_PDP_RX_DEOB,
3f37deb8-55d3-441a-8c92-110f3a5c3c9e/Password@1,MAPD,ES_CnD_NICE_EOB,
6e3e99b2-1f94-4241-a773-1f6d4ec63e74/Password@1,MAPD,ES_D_NICE_EOB,
b85a103c-3541-4f7a-aceb-c7e0f77c7436/Password@1,SHIP,SHIPCHAT,,
1c5eafc4-c581-4e26-88d4-9c759f411a5a/Password@4,MA,EXCLUDE_IHR,
b7c87a64-bc78-48e0-b60f-0ba2ffa5712f/Password@1,MA,IHR,
9bd4cf70-3875-486a-81a6-192959a2dc15/Password@1,MAPD,GROUP_IHR,
5839499a-d63f-49cd-acb0-600cd5084393/Password@1,SHIP_MEDICARE SUPPLEMENT,NO_IHR,
dce22223-be33-4281-828e-712024e058fb/Password@1,PDP,COMBO_PDP_SSP_IHR,
dce22223-be33-4281-828e-712024e058fb/Password@1,SSP,COMBO_PDP_SSP_IHR,
655b37c0-0f94-4c42-9e6a-c7accc1b2a80/Password@1,PDP,COMBO_SHIP_PDP_IHR,
655b37c0-0f94-4c42-9e6a-c7accc1b2a80/Password@1,SHIP_MEDICARE SUPPLEMENT,COMBO_SHIP_PDP_IHR,
11d69d2d-96c3-4137-bab6-e8196da36b58/Password@1,PDP,COMBO_PDP_SHIP_IHR,
11d69d2d-96c3-4137-bab6-e8196da36b58/Password@1,SHIP_MEDICARE SUPPLEMENT,COMBO_PDP_SHIP_IHR,
8205b9cf-2a0c-45ad-8d6a-a343eb752f05/Password@1,PDP,IHR,
c68d319d-8c09-4d58-b200-254834d5f4f6/Password@1,MA,PREEFF_IHR,
cf35d388-70a1-4626-923b-26dc0852e0d2/Password@1,MAPD,TERM_IHR,
ca09d886-c6f7-4769-9695-a3fb9a04219c/Password@1,MEDICA,IHR,
68b98d03-0218-4b25-ac81-70ab0385c9df/Password@1,PCP,IHR,